{"Timestamp":"2021-11-28T19:41:10.3338707+00:00","Level":"Information","MessageTemplate":"Succefuly PostUser() with id -> {Id} : (","Properties":{"Id":"36a98881-f02f-4679-93d4-f696f53e44bd","SourceContext":"CadastroApi.Controllers.UsersController","ActionId":"79338b0a-dd1d-4f18-a2b7-6a4f5ea1386b","ActionName":"CadastroApi.Controllers.UsersController.PostUser (CadastroApi)","RequestId":"0HMDIKS0J116P:00000001","RequestPath":"/api/Users","ConnectionId":"0HMDIKS0J116P"}}
{"Timestamp":"2021-11-28T19:41:19.7926273+00:00","Level":"Information","MessageTemplate":"Succefuly PostUser() with id -> {Id} : (","Properties":{"Id":"28194a4c-26e6-4754-a97f-68defdba9614","SourceContext":"CadastroApi.Controllers.UsersController","ActionId":"79338b0a-dd1d-4f18-a2b7-6a4f5ea1386b","ActionName":"CadastroApi.Controllers.UsersController.PostUser (CadastroApi)","RequestId":"0HMDIKS0J116P:00000003","RequestPath":"/api/Users","ConnectionId":"0HMDIKS0J116P"}}
{"Timestamp":"2021-11-28T19:41:22.9570715+00:00","Level":"Information","MessageTemplate":"Succefuly GetAllUsers() : (","Properties":{"SourceContext":"CadastroApi.Controllers.UsersController","ActionId":"242df1da-2d6e-4707-9b6a-aa3ee4c70b92","ActionName":"CadastroApi.Controllers.UsersController.GetUsers (CadastroApi)","RequestId":"0HMDIKS0J116P:00000005","RequestPath":"/api/Users","ConnectionId":"0HMDIKS0J116P"}}
{"Timestamp":"2021-11-28T19:41:37.5208752+00:00","Level":"Information","MessageTemplate":"Succefuly GetUser() with id -> {id} : (","Properties":{"id":"36a98881-f02f-4679-93d4-f696f53e44bd","SourceContext":"CadastroApi.Controllers.UsersController","ActionId":"c54f6272-30d3-42ac-bc6c-5e80c8449666","ActionName":"CadastroApi.Controllers.UsersController.GetUser (CadastroApi)","RequestId":"0HMDIKS0J116P:00000007","RequestPath":"/api/Users/36a98881-f02f-4679-93d4-f696f53e44bd","ConnectionId":"0HMDIKS0J116P"}}
{"Timestamp":"2021-11-28T19:51:00.9994989+00:00","Level":"Information","MessageTemplate":"Succefuly PostUser() with this properties :","Properties":{"SourceContext":"CadastroApi.Controllers.UsersController","ActionId":"f1ef384b-f67e-40c9-82b4-a5ba44999e84","ActionName":"CadastroApi.Controllers.UsersController.PostUser (CadastroApi)","RequestId":"0HMDIL1IQ9RH8:00000001","RequestPath":"/api/Users","ConnectionId":"0HMDIL1IQ9RH8"}}
{"Timestamp":"2021-11-28T19:51:17.5901598+00:00","Level":"Information","MessageTemplate":"Succefuly PostUser() with this properties :","Properties":{"SourceContext":"CadastroApi.Controllers.UsersController","ActionId":"f1ef384b-f67e-40c9-82b4-a5ba44999e84","ActionName":"CadastroApi.Controllers.UsersController.PostUser (CadastroApi)","RequestId":"0HMDIL1IQ9RH8:00000003","RequestPath":"/api/Users","ConnectionId":"0HMDIL1IQ9RH8"}}
{"Timestamp":"2021-11-28T19:51:29.5082151+00:00","Level":"Information","MessageTemplate":"Succefuly GetUser() with this properties :","Properties":{"SourceContext":"CadastroApi.Controllers.UsersController","ActionId":"e3b7a7b2-1174-47e6-9769-f273cf017d3d","ActionName":"CadastroApi.Controllers.UsersController.GetUsers (CadastroApi)","RequestId":"0HMDIL1IQ9RH8:00000005","RequestPath":"/api/Users","ConnectionId":"0HMDIL1IQ9RH8"}}
{"Timestamp":"2021-11-28T19:51:41.3108161+00:00","Level":"Information","MessageTemplate":"Succefuly GetUser() with this properties :","Properties":{"SourceContext":"CadastroApi.Controllers.UsersController","ActionId":"60c5c0fe-7fdd-4162-b1b6-9517170e9601","ActionName":"CadastroApi.Controllers.UsersController.GetUser (CadastroApi)","RequestId":"0HMDIL1IQ9RH8:00000007","RequestPath":"/api/Users/ad7592b8-33ba-440b-be8a-eae0420e23e8","ConnectionId":"0HMDIL1IQ9RH8"}}
{"Timestamp":"2021-11-28T19:51:59.4099149+00:00","Level":"Error","MessageTemplate":"Bad Request at PutUser() with this properties :","Properties":{"SourceContext":"CadastroApi.Controllers.UsersController","ActionId":"72984df2-01d2-4d9a-b119-8a27383725df","ActionName":"CadastroApi.Controllers.UsersController.PutUser (CadastroApi)","RequestId":"0HMDIL1IQ9RH8:00000009","RequestPath":"/api/Users/ad7592b8-33ba-440b-be8a-eae0420e23e8","ConnectionId":"0HMDIL1IQ9RH8"}}
{"Timestamp":"2021-12-01T23:06:16.4930423+00:00","Level":"Information","MessageTemplate":"Succefuly GetUser() with this properties :","Properties":{"SourceContext":"CadastroApi.Controllers.UsersController","ActionId":"4e4eb040-965b-4d79-8a05-4285e5c30e0d","ActionName":"CadastroApi.Controllers.UsersController.GetUsers (CadastroApi)","RequestId":"0HMDL3S5SV2U9:00000001","RequestPath":"/api/Users","ConnectionId":"0HMDL3S5SV2U9"}}
{"Timestamp":"2021-12-01T23:06:33.5165312+00:00","Level":"Information","MessageTemplate":"age: {user.Age}","Properties":{"SourceContext":"CadastroApi.Controllers.UsersController","ActionId":"36372a51-1e7b-48ab-af2b-7e260257d063","ActionName":"CadastroApi.Controllers.UsersController.PostUser (CadastroApi)","RequestId":"0HMDL3S5SV2U9:00000005","RequestPath":"/api/Users","ConnectionId":"0HMDL3S5SV2U9"}}
{"Timestamp":"2021-12-01T23:06:34.0172119+00:00","Level":"Information","MessageTemplate":"Succefuly PostUser() with this properties :","Properties":{"SourceContext":"CadastroApi.Controllers.UsersController","ActionId":"36372a51-1e7b-48ab-af2b-7e260257d063","ActionName":"CadastroApi.Controllers.UsersController.PostUser (CadastroApi)","RequestId":"0HMDL3S5SV2U9:00000005","RequestPath":"/api/Users","ConnectionId":"0HMDL3S5SV2U9"}}
{"Timestamp":"2021-12-03T14:20:34.8578542+00:00","Level":"Information","MessageTemplate":"Succefuly PostUser() with this properties :","Properties":{"SourceContext":"CadastroApi.Controllers.UsersController","ActionId":"e04dc254-dc24-4ca4-889f-d1142c31ce1f","ActionName":"CadastroApi.Controllers.UsersController.PostUser (CadastroApi)","RequestId":"0HMDMCTNK0CS6:00000001","RequestPath":"/api/Users","ConnectionId":"0HMDMCTNK0CS6"}}
{"Timestamp":"2021-12-03T14:29:09.9183437+00:00","Level":"Information","MessageTemplate":"Succefuly GetUser() with this properties :","Properties":{"SourceContext":"CadastroApi.Controllers.UsersController","ActionId":"854bf7c5-ac33-4a41-ba6f-2dd7474f9ef8","ActionName":"CadastroApi.Controllers.UsersController.GetUsers (CadastroApi)","RequestId":"0HMDMCTNK0CS8:00000001","RequestPath":"/api/Users","ConnectionId":"0HMDMCTNK0CS8"}}
{"Timestamp":"2021-12-03T14:31:10.7639474+00:00","Level":"Information","MessageTemplate":"Succefuly PutUser() with this properties :","Properties":{"SourceContext":"CadastroApi.Controllers.UsersController","ActionId":"c6cdaa98-563a-4b96-a51e-4bb751db6dbb","ActionName":"CadastroApi.Controllers.UsersController.PutUser (CadastroApi)","RequestId":"0HMDMCTNK0CS8:00000005","RequestPath":"/api/Users/39ce5b69-d5ab-4e81-9437-f27e23350d41","ConnectionId":"0HMDMCTNK0CS8"}}
{"Timestamp":"2021-12-03T14:31:29.9467628+00:00","Level":"Information","MessageTemplate":"Succefuly GetUser() with this properties :","Properties":{"SourceContext":"CadastroApi.Controllers.UsersController","ActionId":"82f7ec25-5a5b-40ae-9816-ffb60563d9b1","ActionName":"CadastroApi.Controllers.UsersController.GetUser (CadastroApi)","RequestId":"0HMDMCTNK0CS8:00000007","RequestPath":"/api/Users/39ce5b69-d5ab-4e81-9437-f27e23350d41","ConnectionId":"0HMDMCTNK0CS8"}}
{"Timestamp":"2021-12-03T14:31:42.8014162+00:00","Level":"Information","MessageTemplate":"Succefuly GetUser() with this properties :","Properties":{"SourceContext":"CadastroApi.Controllers.UsersController","ActionId":"82f7ec25-5a5b-40ae-9816-ffb60563d9b1","ActionName":"CadastroApi.Controllers.UsersController.GetUser (CadastroApi)","RequestId":"0HMDMCTNK0CS8:00000009","RequestPath":"/api/Users/39ce5b69-d5ab-4e81-9437-f27e23350d41","ConnectionId":"0HMDMCTNK0CS8"}}
{"Timestamp":"2021-12-03T14:32:02.0920503+00:00","Level":"Information","MessageTemplate":"Succefuly DeleteUser() with this properties :","Properties":{"SourceContext":"CadastroApi.Controllers.UsersController","ActionId":"92cf9e35-312a-41d1-a3f1-8441817602c0","ActionName":"CadastroApi.Controllers.UsersController.DeleteUser (CadastroApi)","RequestId":"0HMDMCTNK0CS8:0000000B","RequestPath":"/api/Users/39ce5b69-d5ab-4e81-9437-f27e23350d41","ConnectionId":"0HMDMCTNK0CS8"}}
{"Timestamp":"2021-12-03T14:32:06.7608687+00:00","Level":"Information","MessageTemplate":"Succefuly GetUser() with this properties :","Properties":{"SourceContext":"CadastroApi.Controllers.UsersController","ActionId":"854bf7c5-ac33-4a41-ba6f-2dd7474f9ef8","ActionName":"CadastroApi.Controllers.UsersController.GetUsers (CadastroApi)","RequestId":"0HMDMCTNK0CS8:0000000D","RequestPath":"/api/Users","ConnectionId":"0HMDMCTNK0CS8"}}
{"Timestamp":"2021-12-03T14:52:38.4239099+00:00","Level":"Information","MessageTemplate":"Succefuly PostUser() with this properties :","Properties":{"SourceContext":"CadastroApi.Controllers.UsersController","ActionId":"9e22837e-f2d4-4356-a387-3d9d99b6c7b8","ActionName":"CadastroApi.Controllers.UsersController.PostUser (CadastroApi)","RequestId":"0HMDMDI0GLQ7M:00000001","RequestPath":"/api/Users","ConnectionId":"0HMDMDI0GLQ7M"}}
{"Timestamp":"2021-12-07T16:57:44.8947517+00:00","Level":"Information","MessageTemplate":"Succefuly PostUser() with this properties :","Properties":{"SourceContext":"CadastroApi.Controllers.UsersController","ActionId":"18a8e6ee-bf3d-4244-a517-61aade544cc3","ActionName":"CadastroApi.Controllers.UsersController.PostUser (CadastroApi)","RequestId":"0HMDPKALR32LQ:00000001","RequestPath":"/api/Users","ConnectionId":"0HMDPKALR32LQ"}}
{"Timestamp":"2021-12-07T17:53:53.3474600+00:00","Level":"Information","MessageTemplate":"Succefuly PostUser() with this properties :","Properties":{"SourceContext":"CadastroApi.Controllers.UsersController","ActionId":"e76d92fb-2930-4a58-b297-7fc12c472a15","ActionName":"CadastroApi.Controllers.UsersController.PostUser (CadastroApi)","RequestId":"0HMDPL8P3KBL4:00000001","RequestPath":"/api/Users","ConnectionId":"0HMDPL8P3KBL4"}}
{"Timestamp":"2021-12-07T17:54:08.3545769+00:00","Level":"Information","MessageTemplate":"Succefuly GetUser() with this properties :","Properties":{"SourceContext":"CadastroApi.Controllers.UsersController","ActionId":"52151b62-e5cc-4e5a-87ec-6385e623e05e","ActionName":"CadastroApi.Controllers.UsersController.GetUsers (CadastroApi)","RequestId":"0HMDPL8P3KBL4:00000003","RequestPath":"/api/Users","ConnectionId":"0HMDPL8P3KBL4"}}
{"Timestamp":"2021-12-07T17:54:19.2793413+00:00","Level":"Information","MessageTemplate":"Succefuly GetUser() with this properties :","Properties":{"SourceContext":"CadastroApi.Controllers.UsersController","ActionId":"a64eace1-fe40-4c27-b58c-22957c16347e","ActionName":"CadastroApi.Controllers.UsersController.GetUser (CadastroApi)","RequestId":"0HMDPL8P3KBL4:00000005","RequestPath":"/api/Users/f4043c3d-df8b-46b6-92bf-960798702f6b","ConnectionId":"0HMDPL8P3KBL4"}}
{"Timestamp":"2021-12-07T17:54:38.9801457+00:00","Level":"Error","MessageTemplate":"Bad Request at PutUser() with this properties :","Properties":{"SourceContext":"CadastroApi.Controllers.UsersController","ActionId":"eba53df2-c1b6-440e-9925-e3e28ad85dee","ActionName":"CadastroApi.Controllers.UsersController.PutUser (CadastroApi)","RequestId":"0HMDPL8P3KBL4:00000007","RequestPath":"/api/Users/f4043c3d-df8b-46b6-92bf-960798702f6b","ConnectionId":"0HMDPL8P3KBL4"}}
{"Timestamp":"2021-12-07T17:54:44.7350178+00:00","Level":"Information","MessageTemplate":"Succefuly PutUser() with this properties :","Properties":{"SourceContext":"CadastroApi.Controllers.UsersController","ActionId":"eba53df2-c1b6-440e-9925-e3e28ad85dee","ActionName":"CadastroApi.Controllers.UsersController.PutUser (CadastroApi)","RequestId":"0HMDPL8P3KBL4:00000009","RequestPath":"/api/Users/f4043c3d-df8b-46b6-92bf-960798702f6b","ConnectionId":"0HMDPL8P3KBL4"}}
{"Timestamp":"2021-12-07T17:54:56.4878440+00:00","Level":"Information","MessageTemplate":"Succefuly GetUser() with this properties :","Properties":{"SourceContext":"CadastroApi.Controllers.UsersController","ActionId":"a64eace1-fe40-4c27-b58c-22957c16347e","ActionName":"CadastroApi.Controllers.UsersController.GetUser (CadastroApi)","RequestId":"0HMDPL8P3KBL4:0000000B","RequestPath":"/api/Users/f4043c3d-df8b-46b6-92bf-960798702f6b","ConnectionId":"0HMDPL8P3KBL4"}}
{"Timestamp":"2021-12-07T17:55:54.5745956+00:00","Level":"Information","MessageTemplate":"Succefuly DeleteUser() with this properties :","Properties":{"SourceContext":"CadastroApi.Controllers.UsersController","ActionId":"b2c5566e-274e-4314-a9cb-da80ab709805","ActionName":"CadastroApi.Controllers.UsersController.DeleteUser (CadastroApi)","RequestId":"0HMDPL8P3KBL4:0000000D","RequestPath":"/api/Users/f4043c3d-df8b-46b6-92bf-960798702f6b","ConnectionId":"0HMDPL8P3KBL4"}}
{"Timestamp":"2021-12-07T17:56:05.0113837+00:00","Level":"Information","MessageTemplate":"Succefuly GetUser() with this properties :","Properties":{"SourceContext":"CadastroApi.Controllers.UsersController","ActionId":"52151b62-e5cc-4e5a-87ec-6385e623e05e","ActionName":"CadastroApi.Controllers.UsersController.GetUsers (CadastroApi)","RequestId":"0HMDPL8P3KBL4:0000000F","RequestPath":"/api/Users","ConnectionId":"0HMDPL8P3KBL4"}}
{"Timestamp":"2021-12-15T15:44:06.4294537+00:00","Level":"Information","MessageTemplate":"Succefuly GetUser() with this properties :","Properties":{"SourceContext":"CadastroApi.Controllers.UsersController","ActionId":"342533da-ef63-4107-af5d-5da132135e55","ActionName":"CadastroApi.Controllers.UsersController.GetUsers (CadastroApi)","RequestId":"0HMDVS6QLNLAU:00000001","RequestPath":"/api/Users","ConnectionId":"0HMDVS6QLNLAU"}}
{"Timestamp":"2021-12-15T15:44:10.4520236+00:00","Level":"Information","MessageTemplate":"Succefuly PostUser() with this properties :","Properties":{"SourceContext":"CadastroApi.Controllers.UsersController","ActionId":"686b3d23-ab61-489d-b931-41341e81069e","ActionName":"CadastroApi.Controllers.UsersController.PostUser (CadastroApi)","RequestId":"0HMDVS6QLNLAU:00000003","RequestPath":"/api/Users","ConnectionId":"0HMDVS6QLNLAU"}}
{"Timestamp":"2021-12-15T16:34:47.0830010+00:00","Level":"Information","MessageTemplate":"Succefuly GetUser() with this properties :","Properties":{"SourceContext":"CadastroApi.Controllers.UsersController","ActionId":"0de1cff0-e561-4b19-974b-885a5e6843d4","ActionName":"CadastroApi.Controllers.UsersController.GetUsers (CadastroApi)","RequestId":"0HMDVT35J9DRF:00000001","RequestPath":"/api/Users","ConnectionId":"0HMDVT35J9DRF"}}
{"Timestamp":"2021-12-15T16:37:49.7833227+00:00","Level":"Information","MessageTemplate":"Succefuly PostUser() with this properties :","Properties":{"SourceContext":"CadastroApi.Controllers.UsersController","ActionId":"fce375fd-3b46-43d0-b350-67d41419987a","ActionName":"CadastroApi.Controllers.UsersController.PostUser (CadastroApi)","RequestId":"0HMDVT4NF7274:00000001","RequestPath":"/api/Users","ConnectionId":"0HMDVT4NF7274"}}
{"Timestamp":"2021-12-15T16:39:02.6429120+00:00","Level":"Information","MessageTemplate":"Succefuly GetUser() with this properties :","Properties":{"SourceContext":"CadastroApi.Controllers.UsersController","ActionId":"b58d3314-0e24-446e-b996-5b94e3465cc2","ActionName":"CadastroApi.Controllers.UsersController.GetUsers (CadastroApi)","RequestId":"0HMDVT4NF7274:00000003","RequestPath":"/api/Users","ConnectionId":"0HMDVT4NF7274"}}
